Store Name,Day Name,Total Revenue
Columbia,Saturday,1452466.0
South County,Saturday,1334107.0
Springfield Battlefield,Saturday,1310435.0
Columbia,Friday,1191025.0
Springfield Battlefield,Friday,1094462.0
Alton,Saturday,1088441.0
Harvester,Saturday,1086450.0
South County,Friday,1080017.0
Columbia,Wednesday,1071655.0
Columbia,Tuesday,1069066.0
St. Peters,Saturday,1067171.0
Columbia,Thursday,1063249.0
Columbia,Monday,1059255.0
Manchester,Saturday,987633.0
Columbia,Sunday,986107.0
O'Fallon,Saturday,984242.0
Alton,Friday,969618.0
Moberly,Saturday,959842.0
Rolla,Saturday,952364.0
Springfield Battlefield,Wednesday,946272.0
South County,Sunday,939717.0
Arnold,Saturday,932353.0
Springfield Battlefield,Thursday,928083.0
Springfield Battlefield,Monday,919476.0
Farmington,Saturday,919449.0
Chesterfield Valley,Saturday,914061.0
Springfield Battlefield,Tuesday,903490.0
South County,Tuesday,902271.0
South County,Wednesday,878295.0
South County,Monday,875390.0
South County,Thursday,871981.0
Moberly,Friday,871316.0
Ozark,Saturday,856927.0
Rolla,Friday,855772.0
Farmington,Friday,849199.0
Springfield Battlefield,Sunday,849029.0
Harvester,Friday,837438.0
Festus,Saturday,832028.0
Marion,Saturday,824681.0
Carbondale,Saturday,823405.0
St. Peters,Friday,823006.0
Washington,Saturday,817814.0
Alton,Monday,811083.0
Alton,Tuesday,808372.0
Alton,Thursday,801250.0
Alton,Wednesday,799156.0
Hannibal,Saturday,794663.0
St. Charles,Saturday,791647.0
Arnold,Friday,790013.0
Sikeston,Saturday,765512.0
O'Fallon,Friday,761954.0
Manchester,Friday,760298.0
Festus,Friday,747249.0
Harvester,Sunday,740632.0
Alton,Sunday,729424.0
Ozark,Friday,724825.0
St. Peters,Sunday,717160.0
St. Peters,Wednesday,714960.0
Farmington,Thursday,712284.0
Harvester,Wednesday,706104.0
Moberly,Wednesday,703120.0
Washington,Friday,702823.0
Carbondale,Friday,701667.0
Marion,Friday,695389.0
Farmington,Wednesday,690012.0
Hannibal,Friday,688411.0
St. Robert,Saturday,685142.0
Harvester,Thursday,684695.0
Manchester,Sunday,683119.0
Harvester,Monday,681554.0
St. Peters,Thursday,680838.0
St. Peters,Monday,680586.0
St. Peters,Tuesday,677354.0
Moberly,Thursday,674141.0
Moberly,Monday,673583.0
Belleville,Saturday,670374.0
Harvester,Tuesday,666778.0
Rolla,Wednesday,666642.0
Manchester,Tuesday,666390.0
Manchester,Monday,664177.0
Arnold,Sunday,662896.0
Arnold,Tuesday,662721.0
Chesterfield Valley,Friday,661997.0
O'Fallon,Sunday,661628.0
Farmington,Monday,661165.0
Farmington,Tuesday,659489.0
Rolla,Monday,658639.0
Rolla,Thursday,657566.0
Rolla,Tuesday,657480.0
Brentwood,Saturday,656802.0
Sikeston,Friday,654876.0
Moberly,Tuesday,654024.0
Arnold,Monday,651176.0
O'Fallon,Monday,649926.0
Festus,Wednesday,648438.0
Festus,Monday,647436.0
Festus,Tuesday,646637.0
O'Fallon,Wednesday,645180.0
Arnold,Wednesday,642275.0
Arnold,Thursday,640251.0
Fenton,Saturday,639530.0
O'Fallon,Tuesday,636164.0
O'Fallon,Thursday,635407.0
Manchester,Wednesday,631102.0
St. Charles,Friday,628954.0
Festus,Thursday,628902.0
Bayless,Saturday,626861.0
Manchester,Thursday,619809.0
Centralia,Saturday,617138.0
Belleville,Friday,616155.0
Chesterfield Valley,Sunday,614297.0
Centralia,Friday,610601.0
Ozark,Monday,609717.0
Ozark,Thursday,606304.0
Ozark,Wednesday,604412.0
Ozark,Tuesday,601179.0
Carbondale,Monday,599755.0
Ozark,Sunday,595387.0
St. Robert,Friday,594384.0
Jennings,Saturday,593514.0
Moberly,Sunday,589079.0
Carbondale,Thursday,586335.0
Carbondale,Wednesday,580333.0
Farmington,Sunday,579840.0
Carbondale,Tuesday,575024.0
Marion,Thursday,568935.0
Marion,Wednesday,563641.0
St. Charles,Monday,563156.0
Festus,Sunday,562499.0
St. Charles,Sunday,558115.0
Chesterfield Valley,Tuesday,554532.0
Marion,Monday,551408.0
Marion,Tuesday,550442.0
St. Charles,Wednesday,548921.0
Fenton,Friday,547467.0
Brentwood,Friday,544656.0
Belleville,Monday,544489.0
St. Charles,Tuesday,544257.0
Washington,Thursday,542335.0
Rolla,Sunday,541379.0
Washington,Wednesday,538421.0
Chesterfield Valley,Monday,538420.0
Washington,Monday,538276.0
Hannibal,Monday,537142.0
Sikeston,Thursday,535217.0
Chesterfield Valley,Thursday,530905.0
Washington,Sunday,530677.0
Sikeston,Wednesday,530172.0
Centralia,Thursday,527498.0
Carbondale,Sunday,527491.0
Washington,Tuesday,525867.0
Chesterfield Valley,Wednesday,523553.0
Jennings,Friday,522833.0
Ferguson,Saturday,521365.0
Sikeston,Tuesday,519010.0
Belleville,Wednesday,517731.0
Hannibal,Sunday,517371.0
St. Charles,Thursday,515038.0
Bayless,Friday,514992.0
Hannibal,Wednesday,514499.0
Belleville,Thursday,513898.0
Marion,Sunday,513671.0
Centralia,Tuesday,513449.0
Hannibal,Thursday,513098.0
Centralia,Wednesday,512717.0
Belleville,Tuesday,510158.0
Centralia,Monday,503628.0
Bayless,Sunday,503245.0
Sikeston,Monday,499768.0
Hannibal,Tuesday,487825.0
Fenton,Sunday,474644.0
St. Robert,Wednesday,467527.0
St. Robert,Thursday,465951.0
Bayless,Monday,461359.0
Fenton,Wednesday,459806.0
Brentwood,Wednesday,457350.0
Bayless,Tuesday,454746.0
St. Robert,Monday,454395.0
Fenton,Tuesday,453334.0
Fenton,Monday,450925.0
Bayless,Wednesday,449447.0
Brentwood,Thursday,448802.0
Sikeston,Sunday,448191.0
Ferguson,Friday,445372.0
Belleville,Sunday,444304.0
Brentwood,Monday,444242.0
Fenton,Thursday,442633.0
St. Robert,Tuesday,441810.0
Brentwood,Tuesday,441558.0
Bayless,Thursday,439989.0
St. Robert,Sunday,430534.0
Jennings,Thursday,430110.0
Brentwood,Sunday,427025.0
Jennings,Monday,423665.0
Centralia,Sunday,416818.0
Jennings,Wednesday,415560.0
Jennings,Tuesday,414512.0
Ferguson,Tuesday,394274.0
Ferguson,Wednesday,388789.0
Ferguson,Monday,387422.0
Ferguson,Thursday,371696.0
Jennings,Sunday,357807.0
Ferguson,Sunday,325380.0
Mexico,Saturday,251675.0
Mexico,Friday,227888.0
Mexico,Thursday,169412.0
Mexico,Monday,154797.0
Mexico,Sunday,148952.0
Mexico,Wednesday,146912.0
Mexico,Tuesday,136294.0
